Metabolite,3,5,7,8,9,10,11,12,17,18,19,20,21,22,23,25,26,27,30,32,36,37,38,40,42,43,45,48,50,53,54,56,57,58,60,64,65,66,67,69,70,72,77,78,79,80,81,82,83,84,85,87,88,89,90,91,92,93,95,96,98,99,101,103,104,105,109,110,111,112,114,117,118,119,120,121,122,123,124,126,128,129,131,133,135,136,138,139,140,141,142,143,144,145,146,147,148,150,152,154,155,156,157,159,160,162,163,167,14,24,29,35,39,41,44,46,62,75,86,100,107,115,130,149,153,178,216,223,228,259,261,274,285,301,322,327,342,358,359,373,377,382,385,390,392,399,401,409,422,458,QC1,QC2,QC3,QC4,QC5
5-L-Glutamyl-taurine,1116501,1466575,2000437,2333170,2999884,1719096,2550677,1051761,1529054,1622038,1878955,1860165,1995957,2320721,1606220,2877500,1446406,1297318,2654618,576742,1851086,2148035,2555928,1417420,1907377,1681207,1701312,305367,771499,1541530,2399700,1603973,1764661,2083374,3230559,2752952,3109110,1832219,2621693,10812320,1374210,1553005,3112282,2593240,1940144,4673118,2936633,1886017,1632993,1926816,1763166,2500346,3507983,2329120,4707434,2610617,4656002,1783257,3510732,3489428,1806989,1417333,1446176,1293639,1744490,1381135,2590626,342710,1805531,1504858,896180,2121668,1744564,425616,849288,2118294,1902165,1221700,2563960,2181154,807302,1407311,2318833,1303336,614076,1374803,510518,1552304,2157972,1941617,947821,1607339,1270249,695366,1159211,1416878,765513,580136,976934,448188,888534,735049,1681711,1527055,1648193,1766676,1637203,859339,3768964,2120253,1956189,977587,2214771,2394419,4948885,1785734,3631015,4275383,2338614,635170,1617200,1767799,2045782,1475595,2056160,119062,1386642,776694,1429609,1018005,338300,1023871,3231721,778665,50335,143701,63748,25168,51082,69323,870865,506726,303237,554248,305526,380033,1342584,320221,515484,648437,908009,1414475,1258396,1579049,1667012
ADMA + SDMA,11317244,11372462,13470778,14485791,10717003,12688782,13056674,12685188,15075971,11850159,11114561,13463896,16027648,13969703,14449622,20613123,13941869,10471611,12220017,12102186,14314423,14110424,14261883,20223492,15003031,10529400,15177288,14810513,11208610,12768865,13799028,7102599,14770376,11539071,11793341,17354269,17419769,10565784,13192305,13304524,12498930,11349969,12599372,11701921,12764946,17473408,13337000,13591959,13790083,14007981,18230430,16778295,13287771,12020800,11761455,11091400,14349420,13694490,14064277,14687471,14990538,13063771,11361504,16322396,19777339,8834168,15868954,9854183,15923706,13091250,16630410,15729135,17600008,12017465,16668419,12674874,14022828,10742806,12288330,12702362,12185228,14499538,17892535,11307772,12626217,10703435,9798268,15905845,18225624,10905991,14558221,13027830,13584896,10292694,9771836,13508326,14357580,14169322,9755549,11598915,14244071,11407620,17163518,13975367,12536024,14168102,12958129,12106157,16493465,14210534,17385628,14882354,14251562,12315124,16055651,15611346,14278603,12490159,16561365,17778044,13177787,16647377,19015183,14415982,20228220,13195387,11760543,13650678,13672894,13841465,14485506,13947795,15856814,17968112,11919339,15070654,14626066,12273266,11934188,17517569,13244955,15755174,12630094,14328497,14657046,11916782,17074196,13823114,17356496,15773381,12626797,12640151,13188597,12296838,11883452
Methionine sulfoxide,2398368,1544500,2251319,4179514,2415708,2736995,2563541,3060985,1443952,3598815,1714546,2313529,3909450,974890,2139830,1980299,1986079,1376619,2021889,1281128,3223938,2527835,2323228,2132131,536629,2365161,1990047,1724682,1460739,1574866,5506180,2288626,1213425,1955296,2992723,5278484,1300244,446165,3217673,2330232,2153057,1536288,2063113,1941409,2979229,3310024,1817909,3276090,4539932,661570,2122120,2299183,1716399,2015893,2113479,2444076,3025988,2522826,1852905,1975323,3755621,2188551,1694077,2268885,1791076,1343333,2229966,1297401,2260649,1748420,1984935,2042708,1451212,1354279,1349292,1438722,1918563,2866606,1830096,1300149,1336322,2553046,2105511,1140959,1653276,1592245,680701,1609812,2181840,2213003,1756338,1893306,1916978,1536781,839311,1405191,1435765,1142036,1079315,1570399,1022276,1236056,2407395,2015200,1190120,2140576,1441029,1293312,2905666,2675733,2263302,2476595,2208728,2138595,2076145,1616025,888779,2302379,2068809,1143680,1428773,1635306,2820613,1718960,1887382,1436838,1250827,891178,903471,1010209,753473,2079476,1924698,2395944,1390310,1989920,1286778,894443,946416,1185354,921882,793562,701985,809304,885232,1671012,2102836,1125242,1299344,1451762,1637624,1620709,1652242,1641744,1673630
N-Acetyl-L-phenylalanine,253609,246077,232541,371725,346950,346928,305902,126152,168020,242386,124956,306114,244630,310400,284986,241594,411390,168997,225743,147759,376013,376168,278680,277942,183467,281571,315021,266287,296427,316445,400764,324076,241105,332634,429061,477648,400643,270660,278625,307815,378883,256153,224228,249270,396325,317581,236483,300643,761826,249517,346107,330151,422034,415003,276539,242284,512823,304424,348636,353614,403720,327450,275034,281558,127197,263075,385547,237835,287937,173549,403593,350079,343552,312541,116413,302540,336877,368641,220382,197742,327568,267964,237453,149189,290565,288661,256719,315922,190661,350623,183496,229439,439232,129476,180051,226816,276795,210876,187799,224576,190130,228197,224560,207940,242765,256314,215585,309802,425981,214793,276975,304424,264219,240814,182707,157801,260280,257859,221104,225419,173550,253204,264797,108054,268052,148356,161830,154411,368420,378335,217310,277870,259927,232585,152773,216422,358510,213824,262955,122685,204855,191201,175942,256846,149686,237486,165046,338158,211767,209042,246718,246705,284905,246712,246837
O-Acetylserine,20143287,43243128,20240802,24437759,25303573,21759026,21762926,23287179,21136011,23349669,18751228,22821390,18321107,13092904,23910689,31257771,24807953,18833411,24138033,19952519,24049501,30240611,23164074,28124837,11130644,20872103,23585434,30058144,25086768,22520548,26043713,26707488,20935218,20893100,21675740,25883622,16418797,12444162,25821122,26893002,25932816,30065971,19109377,25298697,27648726,27549770,22974968,29361835,20224588,13444898,27707346,32721914,22764810,20373593,26807646,22973027,25794485,26508339,24969373,25857571,27646828,23527504,22565510,20861068,23286081,24115396,26912476,24408447,23961142,23094199,23437343,22201111,15318305,18244413,18792712,17441953,24445097,27486496,23947252,17709801,23449906,32258351,26736425,15662221,26529520,23458560,12845675,20690922,31901435,24806048,27004985,24984637,27649590,25768220,19536454,22101845,27294733,23242242,22173582,24313128,20699406,25844157,36469839,27073811,20440425,28161007,24505002,21520525,34622701,17630351,24139717,20522730,23397629,27740584,27492749,19087318,16440686,20528568,25024908,20578741,20309703,22032178,29102527,23909751,32173612,28505905,21189715,13685204,15679411,17489630,14145333,23578187,24803656,28369953,19598865,25456440,21580996,14466188,11076422,16580224,12218671,15514271,11457986,14760293,17776600,25253341,27585102,17727242,20889312,18550020,25713113,23616573,24207658,24003347,24205475
3beta-Hydroxy-5-cholenoic acid taurine conjugate 3-O-sulfate,3425710,9657266,7240052,7849566,12200304,5627345,7806324,3607220,4230974,10352718,3453820,8916709,3648031,2583859,4024879,8110816,7555232,5187052,2664042,4463761,1990599,2913844,6472459,6448654,9012464,1955813,11573149,5414703,1258746,5384054,11905005,3538222,2693561,3903228,8122428,4929859,14727799,3256603,5863877,3895050,9170659,3747099,6206222,5250276,6187263,7484874,8478485,3338958,5620250,5104470,5340968,10456124,8614834,4015604,4648645,5259855,10093387,3646801,3912295,3597903,3604101,5875279,6441370,8472096,2936329,3493295,9031244,10076448,14470766,8702871,4835248,3381396,5466341,9691136,4302088,6999771,8783244,4966447,12786462,7801383,3156174,3992948,6067961,3769142,2424115,11522754,4579267,8154763,3104945,6190219,3269434,6005519,1974161,5627773,6169154,6860158,2269348,3864173,9641224,4497575,4045339,8344545,17105309,5863671,5501280,4458135,5471643,6762270,7190079,3174996,5772405,1896315,3665759,1716613,4115658,2471484,1693393,6367582,4295954,2934343,4605339,9346499,1611944,3176936,3274726,6861049,3551123,4375143,1756021,2483740,2728019,3806320,7367851,7357312,1711744,3162539,3672679,6119899,3836820,7707962,4152938,5876209,3839711,4432113,2512638,4565525,6259840,4905350,3252688,2709075,5147552,5166679,5442289,5584238,5596624
Deoxycholic acid isomer 1,8300155,10615490,12961554,14885635,15795500,12089104,3573939,16626501,13357028,10641955,6379192,13325471,21781527,9869973,8745202,8356354,9811171,7383557,11529043,19696807,4453617,14742162,6524408,18882031,15525235,7429685,12583562,7816876,19000947,6802183,8165794,19848064,14030090,8597925,14685830,7688099,17852553,17906899,10960686,14925256,11290147,9503386,12590523,17352951,15729710,8852273,13380468,5974662,70007188,5554989,10934729,7889518,16073559,23003716,13740444,20028567,23198530,17153110,5692877,14635367,16686769,27397949,11674823,12809112,6558516,13979331,11254807,6911179,2892872,8367001,8220295,10269305,12555515,8652477,8364735,8568325,11661410,19340242,8432206,5792560,9258872,12839825,6550401,5368535,9778414,7017892,7600169,6690491,14989194,11319593,23847246,12012289,24982716,13803716,6817941,9731509,15760297,30110221,4871864,15667308,5733175,7958074,7696891,5688676,12287935,13990960,7599631,16090049,38604771,14851902,18111987,13477893,28631125,9826439,5691066,38580534,13373193,14947842,10847977,16057087,36367196,12684519,30019273,14389627,17385007,8954430,16909942,18963022,6505197,14280772,4965952,28394845,35037265,13204715,30354518,15254251,34604130,5624499,7174238,18344310,27505469,7896587,44590282,43186131,5303764,8947347,7706200,15236733,5968100,8005469,13397463,12914269,13342501,14148702,14823846
Cer(d34:1)-Cer(d18:1/16:0),2319396,1179572,1052035,4498687,2728565,1770808,2813969,2085385,2314051,3179894,3208605,6010850,2927055,1421856,3567503,3233267,4388456,2005326,1756007,1294017,1198438,2455618,2995788,1627348,1330296,5644914,2661674,1732520,1522276,2361966,3356176,3751111,1561178,7555304,2878019,1369067,1446333,1058244,2697439,1085113,1580645,2243067,3451067,2295366,3063327,2226274,2651744,1208277,1227535,3356307,1186427,4956130,1237570,2468911,1140288,2426038,2002696,2993818,3339001,1247226,1259309,1124174,2551761,1391176,1583240,1248409,1590372,1358141,3753838,1210511,983612,1739493,1629307,1115079,1435837,1944858,1858245,1382958,1506728,1193342,1578042,2285979,1688181,1423244,1654700,1319117,870299,1304695,1649379,2374723,1493644,1831890,1769850,1017994,1114485,984684,1888762,687042,1943858,1973250,917134,696124,1139922,1876181,955516,817035,873718,971283,1028551,1407552,859891,998925,1150547,2496224,937972,1007309,1263737,1090030,2253944,1650256,1332584,1562538,1059551,1422071,3320863,1026168,823033,2107298,1476337,1428966,1170549,1219048,1449016,1514136,1467335,1279812,1062517,1494751,1936034,2344578,946335,1409758,1258683,1585114,3506620,2576122,963408,1033566,1567523,1204898,1080419,1173708,1106622,1362704,1169392
5-HETE,96927555,27140983,70187397,65195046,122296238,81428777,107730305,4688872,19275512,83750804,4912309,40960051,75026770,26943168,49878425,7718856,54668461,83021728,64544221,22133425,62669846,32139503,53556331,36826627,29988248,32998126,21488542,7178992,70963163,65660309,109963263,89468187,20012830,89201254,89343626,108166710,63206151,30966087,74303189,63439139,104865398,95322024,50474288,11975647,111310465,65328501,47800773,128175164,253404862,26649437,56017797,44643660,71154574,112640233,26525100,77104975,20839267,85278202,5907546,34447834,28628740,76441592,19927406,10100618,10026829,11880812,22356182,54047719,26834800,18493626,48826873,8966346,81217580,20943051,5227459,5795195,48695132,36150335,11019474,8029494,874645,17983151,4788028,1399224,43506578,27920511,9824400,9932474,1102016,29864937,35536651,57554531,35634119,39902944,2388638,4514493,2238201,3097644,20894096,14729106,8748768,5525030,1759527,12882544,2054320,1750855,2850336,2170564,40933806,41814087,27468881,50866167,59003414,25283098,20451202,63511930,43814480,118984161,35629421,33834567,9499879,80205394,24406264,2314168,1548317,21518715,11797781,1780484,37350429,10850169,4460236,2030496,3839987,1416594,1210901,1251060,800784,1100707,4954721,1040971,3444553,18366291,710000,1801552,1274526,518079,3513568,1271840,4327674,1071570,31933941,33008275,35480599,36627367,36120720
Stearidonic acid (FFA(18:4n3)),2398318,1761138,1244069,709216,3635736,2406424,2935455,1313548,984347,829442,1104238,1853335,3470734,2292442,1578648,3277333,2964910,5628183,3004946,3491372,3538895,2081348,2030274,2049118,1796609,995977,1198998,1657733,1501671,2433792,1579646,1425734,4993650,1577984,1602606,5374255,5506550,1917802,3100232,2624472,1696853,2223321,832048,2812373,2198462,2685704,8384993,2264224,1661625,2244753,1349647,694997,2760065,1151188,3203292,1003350,2835669,2473411,3717801,3105629,1800298,4404208,3625610,1799054,3381024,2672437,5654302,4772000,1864570,2436415,1860727,4230101,4162414,2017691,4252653,3108390,2340683,1614548,2296013,2293027,1164389,2712740,3345179,2422728,1387622,3507131,1435786,2754730,2035066,1692642,2830647,3773225,3205408,1655125,2236083,2823873,2130853,1955233,2749510,3765475,2063294,2439740,1817737,2222455,1675455,1828294,2967860,3404470,3259028,2971657,6758202,1343301,2862220,2978621,4519394,3259911,3489609,2824295,3885188,7219972,3107690,4400028,3134780,2143555,2636387,3916758,3200658,5819673,4092784,1473789,2699238,2877413,2694513,4041470,3058276,2083063,2179680,1636384,2048403,2548689,1605894,3532454,2813017,2723696,2264984,1451003,8447728,3286099,3080428,2130766,2583806,2596404,2822940,2755416,2874736
Valeric acid (FFA(5:0)),51481782,18966100,26542700,38623352,55242501,53729080,59921987,8689973,19538183,28297983,22033060,25368336,91849335,27315703,31436006,53861718,24747935,21877997,24535973,27878667,36662673,28040833,34842193,20236960,19671048,20171760,20505742,11311440,24828632,30371165,47813108,25746567,25303113,33119978,33308292,50615730,33513015,9416327,40066733,34586358,32846935,24956472,36332404,37379473,31146962,35403610,55188379,37183514,33102441,8936103,26659580,16653456,28127513,24914584,26566645,24008352,17594015,27398388,21724932,24312893,30632974,36993949,22020575,27018821,9958291,27274070,23870932,27392999,13400373,26200381,37991956,22035032,19368416,21712276,22436245,19852114,21892736,27334510,21472362,33074616,12429183,26535546,28117419,21431878,23359154,32853988,5042548,26332698,27275782,19715237,22696214,30401234,20506919,36687059,14007721,26394848,20312732,7814439,22355476,18904176,37801640,32664002,27102939,46852579,17732161,29066528,28897156,22192862,19891991,35644747,12857300,30345867,25864794,21506462,17872659,31759963,33554760,27358489,28849096,29976625,16740341,27576769,18488417,16763282,15301902,14134616,18471262,21140772,20533712,13055095,17653814,38534592,12452345,24701732,17829359,47593864,33503499,10631851,9483916,20243426,8502875,6906752,6198129,21844415,6663452,38697519,9318969,37429739,28077294,12986415,15759011,19873378,20948952,26491184,39106981
PC(36:2+2O),24011548,684908,10121355,19827200,27137622,25513618,21718647,1490564,6437444,17278496,1651046,22612152,24004684,640639,25901445,969161,31542890,14832754,1580384,10482638,13728144,6589148,12240108,9108252,2767534,18537094,12987124,4594338,20672893,10318265,19624380,32628259,2720865,48175148,45123051,47378533,17819116,2418671,16736179,11011172,22922491,13863450,19164466,7254459,24316866,13400020,10472212,26680115,12274243,14892619,8061368,20659413,8756466,11064580,2843844,16416437,7687802,45613978,1053793,8566591,13412583,18802580,8509515,2882820,5832689,3545988,6190955,16559410,21254355,6512786,8538789,2159860,8652182,6637622,3525555,10745005,5791646,8944390,2913843,4079238,908129,10694278,3231666,1205151,11916504,5854869,1675475,6954277,1067385,3340884,4554938,20320177,6880739,14263537,1947263,1802223,4521272,1676887,10950536,5108775,1951498,1160369,1484411,3544574,1551084,268034,1243051,274522,4366511,6190004,2551320,21315874,19829064,13320741,4026149,8102547,13434879,16013263,10804989,9874089,4956017,10121164,2709373,2311080,1934163,12382961,4203390,2492980,22410969,4149432,1733511,1564240,1813060,303595,635734,622479,85647,763670,5701316,207192,3446328,5442451,1165454,1113830,1718578,182473,733628,171293,1507479,85647,6904952,6939597,7218838,7212049,7465482
PC(38:4+2O)-PC(38:4+2O),24667265,543969,14512761,13201383,44175953,28096843,33465369,1464906,6011334,23054269,700856,35653508,26883015,1669213,27553533,540746,21243868,25954104,5733508,8896700,21699436,6509773,12873641,7165040,4067025,22672062,11962865,4139158,13927037,13354805,22222676,38234792,3645918,66482723,64525838,57107389,14609105,4955366,19045845,10519512,21975487,22740860,23712611,5495155,29960370,18359634,12126658,31948912,21187196,13081643,11090995,20806964,15150198,15744795,5589970,22815962,6611302,44679505,3429792,5803453,12599613,25385475,11901241,4249556,6429433,3448904,6691555,21664609,26241122,6565201,9677370,2909923,17694559,7716001,4268268,12206158,9116481,13876641,4758659,4816604,986995,13741104,3577273,2139202,13167192,10314883,1762193,8123783,811219,9630915,8126413,22562856,13040554,14810968,2618079,2349270,3323864,1963500,12419216,6428022,3035515,1081415,1116632,8862702,2596978,408151,1402559,1348950,5323470,6664650,3361738,18702539,22461383,15151813,6982058,10968143,14740960,19886812,15854588,14722682,5391528,13481963,6327080,3283408,2207427,10005199,4657821,4152189,19564289,3622796,1533581,1372476,2489475,2065068,830531,1117747,895260,1297229,6551065,1286121,3693490,9555288,2089388,3364314,2262975,99943,401934,199849,1015614,99934,8824053,10030090,10016872,10266847,10257522
PC(38:6+O),6369278,3000955,4200538,4600997,6040214,4575083,4129389,902731,4265041,5467553,1345680,17162133,2808467,3871267,14258792,2289371,4551187,5396872,2969480,4351281,6564528,2585204,5723856,3477160,3776367,4427100,7883774,2433764,4720189,6583906,4385331,11014956,3266560,11407833,8263610,6614838,5895782,2138433,4058341,3462888,8482489,6210495,7818735,2996303,4560221,3846787,4624914,5452522,7634103,3501868,4740256,5681187,4295047,3557826,4321232,4217787,3120763,8172611,2428359,1251962,4379547,5762650,3834304,2624867,3879161,1963374,2740914,6233403,6234205,3218364,2986354,2131543,5732246,3159650,1509400,2873995,4935709,2211969,2604495,1260224,443425,5390339,3035771,2143778,3950436,5944939,2526431,2922922,887889,6304541,3379665,5587496,6146899,6504809,1639416,2253177,3143768,1238415,6006197,2791222,1083031,1117295,1598717,3518307,2491244,448965,890553,1259608,2815465,3027333,2517365,5368344,4069875,6706101,3288748,2208138,4556532,3927926,3944092,3668289,2465111,8038815,3332798,1952238,3512108,2840425,3243782,2830845,4184748,1475256,1012750,1238650,1968455,1006439,899729,1183419,1475522,761410,2663051,2346456,1776841,2662035,1014579,1135113,1615867,1371673,1429060,650437,2654072,1145805,3492083,3552815,3636749,2778828,3794485
PC(38:6e),1673285271,1385559336,2681967016,2340502517,1358712886,1054336557,1070024566,1167693248,2707780731,2544900814,2278510222,1885302608,2454073381,2667685967,2622638219,2252905977,2087115737,2605615520,848597868,1593177265,1491382111,883739449,989707717,2293252054,2433597676,1829989424,2656001006,2392896747,1141219337,2147946071,1102851040,516250906,2626271229,1835531174,1974623918,482441587,442936989,826045953,1991090585,638262689,765884910,2677785349,2691838000,2326323479,1947454854,2480405110,2861260742,385984553,2781929514,1988957147,3495446328,2054340619,2657281301,2236187577,2844247640,2313114539,2171644705,2758851870,846714765,998754814,2633974070,1021970095,1915938717,707595674,1118977208,373147467,1291471292,1244268224,3888979709,195253395,910433410,916079973,380262887,840101092,816404666,639604225,2124203433,1975868627,1309375695,744592236,1797536278,939444624,739297623,993600149,971515064,470827656,368431982,460970040,1427674702,1971538549,1021522089,857096672,967067507,413658789,324286964,338275856,692467223,1052980928,917066198,367548015,840017312,747553912,349727188,174864908,362169386,177838448,1140965364,617106125,912567406,1370847761,699263032,1610718425,1561133917,728807322,339271516,718319899,322377051,700948027,904659722,582568924,408931875,494963319,307994258,527068378,651279409,778340292,423049006,644690724,807598900,310904352,380761020,462718212,951078036,898954165,339414770,625759981,397588771,1680268982,611809654,506499454,397740538,803564825,801272343,1598551293,1562021966,1509662569,1122898410,1261408142,574507965,1274051984,982909000,991852861,821666748,1336855421,837310215
PC(40:6+2O),6096404,28415,2952191,2944160,12706425,5301302,6721062,77328,1066467,6397965,118363,12125110,5977773,63343,9129451,61973,8802530,3441029,164202,1954049,5782679,1253992,5062003,1676443,70136,2220523,5749613,408554,2218604,4494936,6074228,7222630,881673,18251855,9197825,22525569,5699311,458010,6382353,2213868,4580673,3915405,6027266,1278151,7018348,5230265,3533760,4741938,4223343,3847810,1596989,6850835,2799842,2652010,714812,4542192,895729,8102019,88980,825270,4215817,2695171,2319315,85958,2971767,472456,1186789,5555243,6738467,2094555,1799778,533312,3145184,2308271,291474,2414624,1657165,1412400,349508,1519967,146557,3853475,437507,83936,3668391,3301266,144143,826805,65331,399082,154146,6789464,1843611,8440748,28392,661747,147532,136909,5257756,1701777,184536,144022,28392,372697,448556,68326,95777,83005,83400,600632,87292,6035029,5781330,1758081,804339,1573699,3546576,8456686,3615771,2874719,1869262,2580530,267083,268152,143194,2005859,1170107,370411,5739571,83801,233906,69692,176866,28392,56783,73602,28392,82365,89481,28392,378143,1133827,58337,28392,99582,73633,28397,28392,469580,28392,1156740,1416006,1195220,810602,2201380
PI(38:3)-PI(18:0/20:3),8768159,12074367,13591307,43812453,25010358,18650434,29043585,23906754,19609078,42208193,29550674,36490198,30380405,13040467,26944520,43424643,87966759,13408339,13432821,10123332,9676834,24193350,24699519,12118783,16202793,43527846,15974977,29197978,16810031,7105207,16206631,25779248,12256413,55014878,24595258,14694581,19710956,17243823,23773962,11120156,11229948,19092485,13450627,59572558,40508181,26696810,22583471,11639479,10274168,30415584,16055959,62285865,11231622,27120095,9471750,12921921,23273283,43077333,37004376,22342638,10403280,14757951,28360794,10056240,15423562,7034877,18537188,8390549,16786404,6287511,11439793,12483446,10464391,12724279,15302234,16767964,8194217,15083399,11741215,9370078,18515368,7299343,12509661,8694195,4749642,6906218,8568110,17933154,17884699,17340617,5345377,6509446,16394436,9726566,8011701,4170037,29862571,5100251,15533206,14193085,15771254,4447969,11611866,5170823,8361844,5196329,11598500,6021731,8045941,11238099,9176535,4484745,10620642,9613444,11605338,9086787,11929307,4433765,12317426,22648105,9748511,8469690,6980491,8079858,16887022,8712426,7225955,9077485,7953200,17679002,7852767,11076348,20861615,9357164,6291171,12958262,12169775,12871876,11985018,9907415,5245193,8127858,17695506,9992425,32647335,22888016,8302414,9198456,8423677,7404845,8220713,9314207,8830023,10397317,9286281
Indole-3-carboxaldehyde,3392733,2498958,3666732,3669486,3076461,3280525,2495502,2469485,2810363,4528662,1267755,4026361,6285437,2657721,3871843,1656543,2770118,2888437,3635617,4256664,3637616,3120214,2007130,3426800,3107574,3577880,3976500,3161813,2678103,2862839,2800060,3256867,2674563,2670618,4431308,2368078,2921681,5408366,3212636,2869457,3525422,2528480,2941238,6003422,5747870,2067250,4716198,3517746,2971507,3841519,3444999,5352916,1918141,3829479,2343285,3434037,2994301,4297274,2162511,2662781,6013613,4725575,2189736,4651749,1842533,3700142,4109298,2392401,3706601,3974380,3840016,3989385,2834365,3014698,3853068,2575709,2691339,2234573,2305364,2411483,1235609,3698588,2756535,1341503,2940321,2966278,3509249,6096474,1540328,3076862,2492030,2678619,3650626,4311624,1284627,1617081,1977579,2095221,2163118,1289888,3179350,3202123,1125326,2203167,1160725,2283460,1449091,1983128,2077755,2675603,2329383,3107872,3233814,2163001,3635114,3251835,4280384,1655291,2665853,2473419,2530734,2701803,4959926,1633755,1013248,2802459,3143588,1469415,2112750,3314219,2066079,1340552,2114342,1304326,977280,1250455,484744,389634,998679,1804599,1037496,2331938,1080102,1330797,2185990,457460,3593960,1731802,1560959,363360,2798318,2811294,2652060,2652429,2626874
Indole-3-pyruvic acid,2856,14689,1817,1843,2008,4131,2581,2156,5964,5133,2319,4833,2090,4859,4069,4235,9547,7339,4641,5717,2001,5952,21214,1867,7886,2101,2144,2580,18975,5954,3699,4169,2006,9623,1594,3878,8076,4041,2166,2056,4086,7061,1806,4383,1668,5060,2069,8862,7588,2190,1868,1930,2785,2179,1846,5504,4172,774,6618,1903,3760,1605,3800,3758,3850,9945,2173,4093,8199,3790,1902,2370,8333,1696,44000,1975,2494,12056,1957,4977,2415,15239,2552,2120,2158,3076,12215,2357,7357,19791,4211,3993,8303,4817,4166,18571,2625,2354,6116,1903,3890,8481,5085,3812,13395,11086,2313,3976,2172,146876,1794,2690,5674,2004,8282,3290,4672,2706,3238,2213,2162,8267,8552,33168,2280,6636,24623,1547,11822,32441,25244,5346,113193,5252,61465,6114,6389,53968,53210,127073,44232,4678,34131,6442,8026,4428,35340,774,40366,1916,16261,9357,12009,7260,6760
Proline betaine,65835304,886907952,77350869,105767569,30216399,46794556,353825738,57315240,379846932,169713574,478598409,444148680,399774124,973095631,427425822,503018750,588737106,189831390,322047773,370819138,95444889,341371432,539052909,599283493,832382576,209427768,148077187,2611572423,181444593,190933068,1370594259,230687906,1105042987,96251531,339137687,748026220,467396644,497950405,476487578,188995850,2128461201,251217483,485390603,760687428,1058038243,555691520,650530330,345893769,1361267834,83904436,321968326,288467069,54713064,250392406,97739261,39117783,725373776,421273005,46690180,1261066901,358503429,1419324754,305619808,357151286,551128667,898235534,732370165,928562103,44112708,456107970,57794360,60153451,383862671,1161933693,204436491,733856521,864309853,350742178,286081290,781581922,1806061306,779304475,289710395,401935725,633175731,463514747,784874300,255069252,689731492,96395292,357581822,618312589,874914490,3272470551,1559471150,1032110684,648289729,625760248,1807033579,1049357872,2278935568,1058297091,822760400,343091844,524065076,1854193477,932017303,948833016,66401382,154035947,278220905,1977311766,182286974,988732661,51062252,96452514,542209734,942370700,270331359,238313419,503925270,878214598,720532813,319530976,508763206,188490414,281878104,275310646,123495493,51313771,1098135572,148257891,610859928,559967569,33466562,269998174,30220239,217985652,30763549,142952809,186163795,16851433,80163170,437869553,481839683,36786441,79125772,38702024,37612867,38956743,591110227,591362423,591232515,584111457,539092627
Ala-Gly,527237,200036,225185,387515,538216,176825,384963,230734,351975,852937,87622,226137,343130,226509,131212,95582,104479,340160,312823,91841,229835,302707,614920,564645,62420,116415,122102,342605,86503,578603,196974,590151,204963,69984,817501,866031,446727,359933,854790,347846,675889,695080,264155,938862,828180,1100195,484760,1029476,423599,185992,186717,634636,403807,420619,1244338,371105,1082772,783403,677167,236731,1080187,351959,585070,224489,54530,505571,384593,729620,632741,97702,312728,672879,304749,96917,147614,90428,631393,820285,620581,392671,81389,324336,276847,109071,367632,591523,296946,553596,403133,612205,610052,869851,515285,1447398,153784,92440,130500,68471,457210,453049,169937,512660,347473,479546,601191,203433,196073,290495,135830,207437,140075,325135,176389,335185,149338,106730,168265,456756,736556,507461,85045,251808,284776,63124,643444,298272,301664,104919,448299,52507,143036,201833,582755,369586,126828,237629,156737,129222,62683,318408,40749,93593,434107,235963,93892,424044,609051,281284,399075,561912,415261,398498,396160,391415,391212
gamma-Glu-Val,20226518,17269722,21394076,21822274,25872237,22472036,24012255,19263156,27294529,18642434,16924444,17374136,18078018,18444053,15537843,22840058,19048195,12706344,19096100,16012561,13997024,22924516,19890474,22163956,19965592,16985668,33351177,17899644,34092403,12967297,20554258,33109633,13591076,22923010,26691848,27072405,29039175,23356380,17597757,60402270,18605135,13152440,26581206,51015139,17504832,41476779,24181973,22642815,30564447,28546948,22905829,36330735,29863122,33072152,32655010,29202836,54721360,68327320,48641274,22114078,22250386,21501198,14779063,22274947,15428988,14425942,34411888,13835751,26859978,14923575,13091785,25911189,17652754,15796905,18977648,17469022,26882405,20205131,16905972,15667238,23399355,23584908,15799434,13668897,12876071,12453648,13743536,27690664,23090967,18029581,9783758,14351469,16485328,9432136,18596979,20415436,15276317,32987981,19126159,14752203,15337883,12256960,12881497,12631098,11780080,21569561,17901393,11482229,25212795,23240729,36336975,19337781,27512548,22185651,34939055,28344275,41110181,24229482,22826128,18848874,18990526,19215618,17748113,24328127,19723645,14274164,28933405,22086508,10336905,13458642,16304751,16169706,26150518,11675840,8422835,9153295,11398581,5968536,5537449,9840059,8282732,12319304,13209042,10476221,14782784,7355542,18745604,8683990,12914132,11856569,19655015,19976188,18972532,19975860,22195656
Gly-Glu,5510126,2688165,3450241,5500856,5384706,4721363,4879976,4783277,3672248,3510620,5388873,4586890,3392619,4464032,4873937,4008400,3973406,2941991,4543421,3635310,3377588,4573004,5883539,5017856,6066797,4106383,4738409,3076442,6076248,3000627,3722636,4556435,2739550,4502142,5522831,6771197,3808712,4708469,2976034,12156585,3316731,2498186,4237212,6541986,3555734,4051904,3954881,3429962,4406137,5043666,6117427,6097800,4571673,6253231,4924413,3850610,5278499,8180094,4277324,4655379,6470039,4447809,3297712,3316483,3281494,2560835,5748232,4119909,4461905,2865761,1877176,4249923,3507512,4023842,2714327,3599817,2990907,2984971,3514946,4210927,2627814,3683247,4104556,3347349,2711967,2133400,1921076,3488039,6296071,4248384,2870332,3554947,2959258,1607559,2933399,2516774,2678327,4049035,4010494,3714272,3053807,2264792,3635885,2711606,2697255,3711303,2385263,2373396,3611839,3643000,5863364,4088788,4545075,4486139,6326440,5093078,5736631,5690663,3540160,2583595,4540718,3865851,3451447,6310028,4458887,2967433,3331591,3675490,3623288,2855876,3059021,2638390,5111817,1859775,770009,1129138,963263,1189568,1204803,1172495,3846608,2343571,2229187,1628966,3519889,2829390,3614983,2972512,2083024,1951371,3441028,3443470,3143379,2936400,3448184
Gly-Leu,662159,564023,749458,818962,1014746,322038,686641,297463,284752,404880,243332,428763,1096396,759457,625152,764478,524937,444392,464844,174157,378735,935356,1134323,1198942,514257,384357,360030,715320,451559,1090843,1065268,1345022,392776,415000,1804220,2109695,2486166,1701689,2076463,915330,1376155,609068,598575,1851825,1570355,2339050,1102994,597807,1326970,855329,1123429,2967422,1351326,1220084,2373623,799486,920224,828666,1721855,1035908,1816380,939824,917932,424208,332360,291391,935450,1023631,1061050,389718,570932,1099463,819200,237087,192873,306453,894155,1119039,1142099,951967,326297,690117,825609,261243,533013,988424,765830,952793,1637416,1032669,824093,1110185,1084346,709053,330326,282944,375986,272462,1130431,1272067,807830,363251,909950,815306,741006,587629,396785,558137,732949,728290,384769,482664,747573,487504,426853,582306,472510,699716,1591641,477208,322050,358952,860617,482025,1559259,426053,321414,233840,914860,343465,362750,376077,1151133,716981,214634,282885,230716,163848,340336,1007511,171311,319228,1225452,231118,327796,306332,1087763,309078,910768,736195,800716,800763,883651,800689,814240
His-Trp,26791214,15918755,9719491,6291867,26052730,21068952,12126506,7446331,12598594,9261709,11806025,13375853,30893583,21710033,13630130,10923412,82753609,16233543,26274045,13900227,20645738,7453741,20340810,10859536,12594433,9886162,13402357,11169225,5667435,9499535,12832185,23739897,9730594,5989208,23289630,17751667,12125066,10823765,15739694,37634883,17484733,8842823,8452766,11336852,9255672,15445656,19919455,15789389,12082467,8681287,6645307,7308993,11383569,2997280,11115162,3637092,8638207,3535571,9259587,11808261,16773859,12946116,37850426,11926035,11657387,9569171,22477540,14576358,10730486,17156567,8765022,16034241,13082925,4699720,10385385,4439676,7942113,15362023,20834524,9069989,4942899,5307418,7884195,7913807,10048330,11598745,4380070,18354031,6123966,31005261,15231648,29227123,31265941,5157219,8346163,4669642,8238899,8378154,13791478,11788629,9805550,11550761,4175960,10752636,8594377,5080680,6808041,10074312,18249608,21237470,11981474,31547105,9983789,11617396,25420082,19077484,25050324,13854701,13910534,30090025,17194475,29362669,19170215,7970268,12158160,16402901,13369193,17551063,25175097,9877518,20796943,15162857,35600250,22161026,7462290,12248232,7858622,10487578,8960580,8150762,17799524,11608106,26712653,12799492,10519495,10961294,26769590,23077680,18282591,8092910,14219802,13641665,13970783,14097073,14097341
Ile-Gln + Leu-Gln,3598416,758110,1372276,1380230,7061954,592521,2970604,90752,745881,959083,311067,526753,1677785,1400027,441545,631270,1081357,3389846,689791,206945,514727,1115235,4598382,5828850,232511,212380,288509,3137206,1557958,6127160,3539061,9755099,157003,1522578,12213366,14463701,5751825,7996884,6562110,1362343,11080954,4368928,1756412,33275022,10192864,12294434,3101041,17753895,6249072,1800310,1492421,4786514,3774597,5702275,20039758,2297738,2284693,6634403,5323945,1852501,7753702,4826471,5014034,994456,206543,6317319,2096677,7826127,4923879,268057,1076963,2709957,896702,47551,96731,514408,3025879,10110686,3661312,3311917,855196,3691571,863262,103297,3653328,5698734,2498808,8120091,3191903,3141079,8423062,14900985,5580598,2955195,659154,331082,551170,912049,5008748,5486880,2231044,3730908,1152060,3598277,4384838,1019617,881513,722455,819716,871763,408161,570272,922833,1523694,383597,1330001,585742,3210570,4619013,4032183,52916,243490,1112018,350498,2943483,2232110,1686090,37870,7288240,124981,119054,1350597,5943225,1885569,88704,289976,34405,54592,28893,2155514,73942,111847,7743474,1411655,121819,1374840,4287772,674525,3405102,2047115,3470596,3470752,3503312,3369186,3526876
Ile-Gly,11382,8873,23691,12688,12640,25552,8648,20960,9246,25580,11850,8945,13159,36256,15798,3949,10646,9764,11090,11188,3949,11424,10166,34759,14123,9817,12836,20928,14855,8682,14779,13817,63729,82280,292894,85930,442075,7965,10110,10936,10027,9409,13908,298673,151855,176992,32747,19242,24708,10351,29802,42084,18358,12115,717125,21688,20639,10391,82267,21434,9423,30011,12431,13116,19996,98732,12229,12329,19676,11086,17046,9447,12986,13375,16801,20940,20251,67888,22428,38587,18462,23570,21615,8855,29657,9246,10968,44456,204893,13874,3949,13068,9366,23448,8923,30359,44470,9330,11526,18697,10861,88605,9570,10393,19346,141226,9808,9128,3949,3949,12134,22194,7897,20525,14945,10418,44656,9707,17658,3949,9882,13466,13015,17847,8895,3949,9902,17614,33107,12468,3949,17491,25586,11000,10999,3949,13540,8697,13025,10014,10960,22934,10246,22212,12541,14620,8445,3949,19780,9040,15242,13839,34774,14697,13869
Ile-Leu + Leu-Ile,130079,124520,9843,237787,323142,111694,271989,61899,42910,250011,64245,282141,314822,135894,161442,272267,232441,161610,150010,59310,254875,435402,600393,365085,152014,100544,52927,174955,89177,220764,159016,328890,163828,229309,581334,536785,1039203,489432,1122301,343757,331480,253599,106882,499360,1008226,1263031,750002,689308,661184,183594,436270,602009,551645,359119,1512255,297089,881196,240169,791737,468581,618800,380747,920876,255432,174246,209062,596915,13990,386562,99576,158749,509953,357867,72448,81968,141613,512980,285938,377607,355857,52159,483080,295889,46198,147669,426138,157565,267595,786666,335146,297752,1752960,305631,211481,89350,126997,90912,273519,147145,204022,296097,50939,583173,377280,276759,239175,179584,35566,334917,74087,251519,98964,259063,147923,154217,214699,219893,249095,857744,100269,88834,81964,763014,86133,454141,72609,129507,94508,243194,194032,137688,103181,206185,7343,100345,197230,9674,147142,193487,298400,48301,160913,14046,62000,43330,281855,425930,53910,380615,364434,271319,254826,271314,366025,252712
Ile-Pro,2439461,845588,1090621,1316155,3661711,325649,2250384,306298,541191,1006062,449394,888698,829290,1153899,327545,874022,736703,1034949,715832,44855,251169,1225050,1971820,2268232,610501,350283,472922,1691455,594079,2348821,2494765,3586375,479197,1426618,5404060,6036379,5292668,3424080,4741946,1182053,3180043,1923340,1183159,5509080,4584977,8038471,1246692,3707237,4785367,1329619,1803254,5725646,2968889,6357376,12614543,1745797,2103472,5687068,9851037,1951926,4604851,1878872,1480638,302466,282037,1149915,2463000,1869243,2162317,597517,1214299,4276820,2091055,290793,30553,572516,1796178,2973352,4050982,1955831,615771,3003547,1106763,251810,1506678,2992082,1285070,2364992,4500045,2535276,2599973,2875439,2945759,1118529,485124,131710,427438,289997,1226117,869908,1752467,649259,1775222,2673368,1622353,1513399,1196197,1070442,771932,1603012,355808,646367,1053751,691136,660241,946301,260914,2690994,6773602,871815,38799,522314,1219968,570910,3112786,752901,1393545,18638,1889710,402107,387015,804132,3944771,1734285,412102,662071,52771,128877,135106,1997834,226743,283758,1292256,622707,246947,919696,2075389,395992,945318,2081434,1853690,1779741,1853784,1835356,1853806
Leu-Pro,442594,471436,387804,1270547,1188087,124288,1139854,133131,461143,981674,167437,662877,527723,962937,342350,973427,379994,254249,934701,13609,190033,1129869,3223044,1579949,410010,285948,334322,810811,256772,1882577,2263047,2225382,298087,793893,6308166,3936036,5323745,2331223,4649366,2540782,1131038,349048,400768,5381816,3639208,8764772,2426129,3613055,10211992,720006,2876135,7325371,4253405,1758927,9540430,1648128,6287591,1706270,9657773,3624109,3716768,596165,751429,254049,357257,589312,1739115,561014,1659562,446268,857605,4358754,2068420,113276,83898,408697,927614,968936,2345908,1423539,196182,3500481,1194352,41290,286841,907291,850829,1968414,6139483,1472734,2079720,1742852,3298141,487440,119212,25250,249748,60453,263367,325488,1090304,6805,1959819,2066345,578994,2563212,1313007,435798,923076,1333585,246051,373913,1253288,359355,579070,374307,176318,1722876,6068209,127774,35321,242665,1426447,384740,4276968,145167,568371,18207,700736,320997,134289,472526,4273465,1210109,300838,231090,150892,15185,68171,1659915,45659,442406,1001657,108448,158339,404080,4097351,188940,367474,1602543,1650689,1541684,1548041,1567773,1563981
Ser-Tyr,6812372,1713342,2803062,2800056,7444233,2104991,4111186,1411128,2019304,2621721,2006672,889483,1591668,1926807,713628,1119164,1764850,5064785,1065313,1331225,1171669,2110218,3070051,7091241,1631383,1717505,1189924,5962392,3288109,10027274,4653358,8650442,1532956,5304853,8915709,17320553,10325604,11816094,9746476,2318797,18155520,14050401,20417373,36024006,18085490,15997747,5990049,17032575,9189734,8087625,4122379,10030661,14537373,10753577,23245475,14225409,6275844,23445787,10261763,6601702,5548238,4110394,6999503,1748625,1410106,7932791,2493432,1640173,7463094,1273117,2474617,2863887,1858497,1730362,1229547,2050372,3377785,9144164,4510783,5315994,4118186,4000039,1561053,1668720,5372467,7811325,6863472,10825378,4313545,5068195,9574819,15381759,6202951,5951316,2114002,1949341,2887935,3200190,6338643,7417955,7177833,8274919,2649783,6587740,13387426,5068756,3571620,7810351,532796,1318439,594135,1932260,2620950,3543069,1321273,2486099,3635626,19987454,9391300,10556288,1282521,1064645,1457642,2786066,2999681,8837542,6175934,772435,7933691,707413,1262400,2556610,1523720,2231955,842864,2375927,586963,1756994,1173825,1822507,605495,553318,4964795,2879099,1091138,1457708,2577111,1703799,1829485,1461654,5482516,5566100,5482732,5247521,5752076
Val-Ile + Leu-Val,959310,596888,441605,1240710,1086583,677037,806400,470151,572088,757706,24167,670624,1431665,790832,599648,1120879,630134,574705,818272,213042,691087,2530389,2579728,1421637,586027,290074,745146,834124,784994,1641618,1725965,1320867,544558,997734,2139310,2416876,4753365,2507767,4063478,3020066,1616225,1035292,954217,10842525,3979953,7856384,2183263,3481373,5117710,1235390,4386031,3702635,4752534,2026565,6863689,1852755,5074963,2072333,4259386,3339143,2384733,1563097,505121,1524735,834289,961531,1652418,680531,1415185,896744,1246842,1561940,1205434,684551,614931,1240731,1512288,1504680,1138334,1358980,935913,2496811,1527373,227389,696817,1227430,681419,1946267,3168358,1196615,1126212,1194802,1366471,701941,473486,581390,629400,493220,496638,911831,1428777,566242,1654291,1692309,943163,2161397,1195275,571802,1198529,580926,893100,695460,1105887,674404,740541,1191753,826639,1539879,3834585,490256,530101,539962,2261942,690640,2170911,722964,955907,394777,776207,831925,936668,561136,930521,995243,409928,433356,175918,297911,251733,841340,305514,736629,855239,349794,355112,513775,1831358,413203,986415,726903,1501949,1476591,1488038,1476790,1495912
Val-Leu,5304181,1608402,1801203,2563907,8280190,1171730,4233382,1011450,2790964,1951408,930059,1384356,3244699,1896450,1425043,1411385,2747738,3387057,1560926,630283,1537298,2207770,7292306,6060530,1215104,911925,1403685,5918795,2367227,9573290,3791889,18166180,890826,2454956,12038102,14987438,10615638,10383962,14693525,3360710,20666060,7098775,3705825,30118168,29961228,26170915,8779844,36045773,14405884,3812742,3057171,13015811,6032417,13471569,23180216,14469458,6490584,15039159,17398345,3503751,11791432,3959366,9241507,2228275,1265006,8899048,3569310,9025169,9721987,1310333,2881007,7829626,2848935,1017577,971419,1227268,5357263,16818051,5998761,3869132,1582495,4801318,1768552,755999,5268012,16770446,6082153,8233408,4480587,6163218,8629632,12503891,7772657,3864611,1456153,858943,1071414,1672313,12646368,4786727,4368207,4897086,2933625,5783880,7701162,2794106,2258109,1906376,1942583,1547733,1130217,1427407,2024433,2358175,1533331,2368812,1112943,8574656,17680626,7925892,715273,1371744,2908822,1030741,7288195,4499817,4014107,851770,8522199,991357,1387804,2006042,6613178,3019781,748478,857325,746542,862502,701296,2709611,616773,890937,8669062,2950554,631037,2329817,6229498,1717946,5815093,3399398,5567442,5379086,5347997,5347856,5348022
TG(50:3+2O)-TG(18:2+2O/16:0/16:1),8330035,54838,1890645,7552953,13045837,10917520,4774817,68168,9335241,19477221,692259,13476093,28921874,66824,23278568,417168,18232536,4614206,163178,11913864,1380636,4445802,6694840,6278808,133462,4904983,7776027,538370,3137082,3127116,7940740,16098875,286504,19220281,16662592,58534481,24592814,1614924,5364154,2866973,22937428,14517033,21977141,17578803,5506760,8768680,1560762,11377922,8186354,5160810,4436060,12738707,1458695,2883292,69576,3645314,3946788,43265488,813529,3474653,1819622,13082944,2847218,225325,1728917,269132,4549955,10506339,7921877,1744104,1491916,4300543,8909931,5921462,410254,2022575,2675655,717381,640602,960150,542138,7025628,490050,94627,6723388,1186318,359642,3071441,308715,63459,551156,1631065,2187378,3212886,27419,27419,1350653,56449,2629074,3255173,1053354,27419,27419,456908,27419,27419,59623,27419,3454721,907261,493543,4878824,4166328,4833626,1080358,3739003,12232287,2356504,5898630,15820945,3745402,1489614,364352,159841,134193,1768334,466317,27419,9121945,2760497,1163761,57825,1237153,27419,27419,27419,27419,27419,1865166,27419,995421,732075,190861,63409,86932,27419,27419,27419,1850303,27419,3506807,3752806,3374255,3743575,4161220
TG(52:3+2O)-TG(18:2+2O/16:0/18:1),71578696,1532905,27835376,61242143,85206976,89042667,64887056,898276,32586551,83593019,5343178,106122883,89907546,120170,124992292,5337186,119549637,31988942,5128380,50424939,14216033,21269365,52815772,32053158,3500638,34558764,46370630,20509192,27672924,28995563,80779936,187645266,5416308,173718839,98772293,403255609,115736816,13778134,55805542,24655569,112661687,67640680,107967918,74479472,74455534,66274698,9197985,97615099,47654666,29728915,26591482,113319275,17184719,33459500,6341581,35528358,27490721,257247448,4721665,27244963,15156827,73512778,15565077,1166007,12501222,5029610,22097895,64550040,53464044,14831464,26508200,19943364,40987327,38843492,4331990,18274272,17687718,8075661,7849829,7956893,4704462,41740709,5680204,3606330,50437250,12754563,4378546,19233114,6531432,6827051,11872091,20240257,12961011,23653506,3096000,482263,12032898,4557451,22028946,18836866,11957585,1712117,2389061,11379915,1346133,717135,4335291,993798,17003464,37484884,30518474,36532083,56306854,37614798,11176522,17737750,76216692,29800593,48152060,61991098,20500385,8648486,662737,3621687,1319668,27823152,5851208,1480096,59585825,15654246,4452535,995228,9682264,1196802,51446,51447,51446,51446,12931998,370762,5899515,11378696,4033759,1735287,3028200,51452,51520,51446,9432956,102891,23529711,26107009,27069880,27067379,27022223
TG(52:3+O)-TG(18:2+O/16:0/18:1)1,32633938,9844368,21122536,47215054,40710398,31523130,31892839,4210748,20649690,42553831,5240282,66065274,36135909,12048412,68163370,13111088,52248131,17484475,13850658,16797356,11679389,14061036,45473367,21330291,10090058,20453471,22735389,12443342,19819238,25852140,51259196,132527874,6519667,63471610,66449099,115400399,93380974,13737574,22848793,10688034,91053275,37434103,80614057,31898813,36910785,36458532,11450842,70831767,68903939,14103416,21533605,64381374,15922783,24432518,7943150,28734972,19066710,112360687,7756569,16649705,9427027,28627197,9991592,9602535,6657287,7611513,16304101,27453966,24774051,10306773,26240875,9587523,44573658,17704822,2818171,9596778,24657880,12493353,10652213,4301693,4504797,21505996,6124200,2647318,21394806,10589732,4116563,11462744,5452630,22611710,12385270,13515410,21749834,14555959,1867071,707343,12877421,2442042,11629964,17138782,9172976,1914663,1994745,12550566,2239036,977591,5532800,1630366,27819145,52404195,30429265,22633564,45767286,27033326,8419354,14018404,32065204,15578082,27204863,26252873,10445141,19122049,7166938,2179733,6399652,14825494,4798867,1069775,25419142,13150537,3653637,6670261,7705314,258922,210049,395918,953091,272096,7699390,1259967,3366395,9568970,4566937,1213066,3094608,4617573,5432596,91841,5062201,232248,16588277,17273364,17830987,17812003,17812940
TG(52:4+2O)-TG(18:2+2O/16:0/18:2),80688628,3753500,33184204,74843798,79212713,119140882,54181360,2433247,39947283,123720553,9720616,109103483,108590600,7590462,134398146,9424605,148009951,45842616,11036770,75154016,19831334,30944460,57160586,41160952,9286966,57539789,54902679,24979457,29515088,32963782,77581124,282740624,9022603,175950011,131927641,464540811,202437172,26419831,75186711,36645027,164636249,84168448,181207221,56693520,76107889,66490125,16204270,115038483,42877127,47209953,33608655,148299155,22021091,36318135,11374693,41283127,45237297,220336265,11217095,44411783,25346552,95485238,23437796,3613384,23238661,9061633,31127744,90164929,73788301,21871971,42556462,25677198,41472181,62465101,8121055,27313694,25863785,11104494,17583971,10435002,7046110,64100625,5627716,5300131,70487092,16850287,6349394,26035753,10825384,26087261,17683723,32250016,29209736,36172836,3638321,1232419,22300210,8109669,36981046,28764121,18108641,3882158,3269638,24311260,1941495,1230536,6371336,2346988,29891745,62492036,49811122,54062905,47180261,57794986,14334022,22317774,92293690,40056293,61560817,71233195,28699009,12669359,8558201,3816221,3941424,32836341,8669312,1895321,73886173,29908041,6528030,1428502,11935219,1591008,205180,541536,302149,286792,19842673,479585,10539717,14541930,4737519,2681277,3560973,1026028,1302536,419888,15461036,338799,30001308,32392099,33500888,32348906,34059895
TG(52:4+O)-TG(18:2+O/16:0/18:2),55944142,17060489,39008504,82159128,63234419,57008441,37162257,10227623,43048296,92292005,13175467,112781153,82715428,25762961,134284852,29129387,97990523,38195719,22009252,41080191,23832334,28878712,74741952,34403753,21419130,37669550,40780066,27600672,30262303,45296610,78189809,291898993,11127865,115011264,107354665,219952577,211908100,37576211,42509054,21894196,173517128,81319849,160453473,82515939,58843966,54775323,22346492,99032932,98984324,28698157,44782340,132252111,28254929,37034076,13834178,44429780,59994102,204568155,17285163,37238124,23149536,61391509,22229655,25808339,15002076,15777183,31103927,53002295,49917553,23696713,55756381,20589180,77026504,45964148,5407179,21476158,40308882,20667981,27738938,6536537,13502552,62238762,13914869,6812750,49786523,18041455,6198003,23796935,24385471,44753041,24049044,28814434,59884806,31449405,2386560,563918,55916588,5848399,24408989,30940828,19387517,4038870,4063290,30126238,3165960,1677648,12893790,2072150,60282552,120755905,78694674,49748523,58178769,61099349,15101782,29423543,66540731,26454336,50886252,57006967,23537423,37267475,19507313,4531568,22133456,25938860,9771945,1325731,55631922,31579976,11600276,13563069,25108167,1781038,2339813,2894661,3966972,1142804,20742289,7928188,9733167,16800762,13153751,3111149,17412280,9657546,12606823,1206980,14504683,1252523,31607073,36042442,35350188,35344146,35959586
TG(52:4+O)-TG(18:3+O/16:0/18:1)1,55248912,16877008,38256815,81138120,62448592,56299985,36700284,10104300,41625894,91145073,13125722,111379598,81687506,25578607,132616066,29608325,96772775,38094651,21685891,40475108,23587442,30429754,73813419,32844995,21257281,34705854,39789101,27512209,31174011,41380912,77218128,288271504,10991911,113581995,106020547,217219181,209274675,37530111,41973900,20923989,171360795,80309271,158459485,81490497,58112699,54094552,22708461,97802229,97754506,29608447,41565498,130608587,30218694,35761915,13666165,43572281,59116413,202025945,17109665,38950223,22633972,60628584,22277225,25754462,14588913,15629175,32921551,52343608,49275824,23348364,54323999,23997814,76071137,44289556,5340104,22382765,38850678,20885578,27469152,6456389,13354748,61420640,13756153,6728806,49028202,18184058,6121567,25476516,24503478,44062575,24583809,30863431,59096936,31830959,2356932,556912,55175844,5775655,24757353,30432734,19366369,3988783,4012880,29960541,3126639,1656806,12761892,2046409,59544436,119255247,77716719,44684930,57455905,60136074,14978544,30458328,65713816,26170099,49992366,56298530,25543476,38476816,19329470,4475337,21939591,27266696,9655375,1309264,54940571,30395807,11462138,13401205,25662589,1758917,2310747,2858712,3917705,1128612,19823415,7830232,9612001,16735794,13012940,3072522,17221488,9538387,12456590,1191985,14185307,1236961,31265724,35128209,35989078,35356107,35959586
TG(52:4+O)-TG(18:3+O/16:0/18:1)2,57880486,17650947,40358749,85002828,65423095,58981623,38447919,10581608,44681049,95486425,13634090,116684746,85578383,26654610,138932733,30134623,101382181,38305092,22864936,42502062,22605903,30324422,77329243,36814145,22163088,38984836,42174084,28631232,33047771,42527879,80896123,302002230,11512438,118992045,111070436,227565598,219242685,36684164,43916424,21730659,179522921,84134500,166007105,85371989,60880679,56662291,23088011,102460670,102410674,30079940,46300636,136829635,27926102,38532937,14312499,48054012,62080432,211648689,17886345,38950022,21901850,63516398,22220558,26701429,15297588,16321429,33925885,54836816,51645304,23328718,57686226,21338432,79694499,47555064,5594071,21846178,41324459,21330227,28292906,6762102,13969537,64392976,14396426,7048537,51509739,18563674,6412477,24725201,25218859,46164990,24707023,31924032,61984098,34253794,2469164,583437,57804390,6050423,26297444,31529858,19876865,4178660,4203928,30163057,3275540,1735715,13339748,2143871,62380651,124935521,81418462,51477763,60192602,63214565,15362173,29014464,68843846,28692327,52647865,58980098,24279723,38515526,20179792,4688413,22899446,29628767,10109322,1371617,57557460,30234402,12001511,14032512,25914657,1842684,2420799,2994851,4104277,1182358,20206446,8202599,10063494,17337572,13608938,3218831,18014935,9991813,13043164,1248756,14688190,1295875,33268734,34864394,35989078,35695567,36164232
TG(54:3+2O)-TG(18:1+2O/18:1/18:1),11486949,50962,5358746,9911941,11089525,15358361,8578261,24918,6352685,14404090,474380,17838197,11009714,24923,25858400,64345,4656962,3088525,1307196,14025201,898475,3095252,7689237,4678729,358956,7110032,7595080,786839,2419148,3411179,10976134,14153062,49856,23264235,12084256,59329974,12595464,2150877,5348350,2257113,17340300,7773233,14757200,17433219,7383998,6365091,1461680,13727230,4533108,4198111,4567087,15144222,1657746,3744090,294837,2239600,2308881,20877324,188148,3098769,1462533,11696466,1897050,53909,1042722,418105,3558314,13099094,9202644,836894,3930260,4134091,5096754,6353622,280298,2110630,3233530,1181185,1405273,468901,257508,4164289,120095,50000,7534901,600300,176018,2035598,372931,1770173,1258335,1696173,2959562,3160374,24918,24918,931414,283402,2283483,2193087,922589,24918,117327,717592,24918,24918,185837,24918,2777022,7220968,2330933,6482443,10074308,5423820,1617637,1960502,11604801,2843296,5878569,13660348,2305502,842054,24924,69352,24918,4074785,61786,24918,12179231,2700953,158309,52963,806860,24918,24918,24918,24918,24918,1248169,24918,56269,708955,257323,24918,177609,24918,24918,24918,1241874,24918,3178558,3202490,2905651,3579314,3445558
TG(54:3+O)-TG(18:1+O/18:1/18:1),4979267,303799,1779530,4485351,3778735,3651175,3044178,72214,3257408,7934985,324035,14852964,5390875,1895589,14784875,1397410,4885038,1431608,921249,4110476,577352,3340672,8133901,1544432,716969,2949747,4842196,504394,1949562,3339557,8209519,25646939,102741,10436132,13894520,26061615,13709994,1006532,2303782,984543,15710000,5524482,12953454,3506410,3417994,4969345,1389965,9416745,8933355,2150414,3066697,9667267,1470461,3738043,530107,1471219,30843,21424027,823871,1400716,1457638,4240682,812251,1391271,445733,621877,3287939,4273548,4967230,763024,2782719,978297,7483830,2059682,30859,390499,3835024,1228305,259282,30860,30870,1922832,488290,79160,2868066,962011,207652,1091285,280500,2482539,1998523,1870695,3931781,2451064,30859,30859,450160,30859,1205645,1300597,523631,101546,30859,996987,30859,30859,109399,30859,3519572,10648114,692294,3090702,7942739,4469366,724346,1747405,3981129,2113512,2729653,2457837,798752,2365506,414329,30859,358637,2506285,222633,30859,5769477,759764,213441,30862,610489,30859,30859,30859,30859,30859,462054,30860,61733,518459,69160,30859,120668,240407,99218,30859,144476,30859,1835545,1639812,2008174,2541777,2067578
TG(54:4+2O)-TG(18:2+2O/18:1/18:1),60967704,830626,34877653,67572855,54423124,84900785,47162247,795741,33928598,78975204,5526796,83077366,76528988,338425,113495520,3074031,150872655,22242725,6445220,63921496,15610107,19639657,39803575,27806748,2892931,35453081,34271140,27144117,25389340,15298088,49524654,172632716,2578774,122183268,56557512,287599591,78989488,9989634,28381192,16980641,95264541,41076035,58366769,115453612,47706954,32388520,7061123,66163537,25517303,19880630,18034421,71494605,10977510,19636956,2941382,18903247,20156993,188950153,27988,16921590,16527964,66038339,10423002,471647,10427900,2603112,20190191,64206167,41274012,11443789,29543902,23905036,23706459,38911626,3107076,18635733,17788086,5708185,9832325,5183076,3225419,46854870,3410096,2152623,40395470,8581832,2812494,15174626,3807522,3670276,8126853,13810161,9014079,15665049,1697755,182015,11926017,4375331,14434543,12238469,9269516,1639259,755253,6356349,448969,180547,3149001,27949,15425202,38858322,56463943,32428189,44090748,24912532,11689243,11770119,55939046,13336897,31648394,64179513,13898637,4459504,298719,2051809,212697,19128066,3508530,441621,56397146,15822991,3179702,188854,6388859,55898,27949,60498,27949,27949,10670249,27949,5868396,6287705,2965061,904115,1873481,27949,27950,27949,10524817,27949,17789973,20384256,19930289,19719730,20347342
TG(54:4+O)-TG(18:2+O/18:1/18:1),28406907,6951694,27802161,46474531,27234464,27730244,22002402,6291168,24543444,39330247,12058317,56966964,32044689,16148933,67215866,14680008,56270158,12257389,21274634,22884726,15505905,14060879,34247089,18450772,10057247,15446037,19698798,21679591,22029971,13640865,31953574,129427537,3645601,43687777,45558110,90351972,71362675,13516398,11914866,8741510,75453482,26557372,54402274,74976617,23803594,19982967,9870927,49990054,46046551,9055475,14364500,44431772,13878425,16109149,4062995,14984183,23485375,99171400,6613394,11451699,11767151,28374291,8547045,14259201,4858306,7067273,15120396,25776513,20262850,10641382,27782944,12769101,32143583,18802228,1831502,11266688,23647440,10366337,19713811,2921223,6065218,29761989,7656782,3024253,19204663,7730072,2355772,12195500,13349054,28445337,10581516,10374995,21919609,10718598,1281872,137606,23395565,2231707,9075050,10210536,7208535,1748250,1629426,8647554,903566,292677,8945932,490273,28067487,60611975,64638446,20412246,33226001,19790009,8832304,11743535,25507646,6607334,16083075,27716106,9327962,13706416,7126977,1436763,6229405,11334767,3724702,679952,29848922,13079237,3446871,7743608,9973006,67978,605962,752661,1330474,2246759,9253599,3291056,4099496,6491231,7881138,895990,3838101,6907155,5847505,286256,6815432,203179,15091043,17013416,17514313,16958432,17572297
TG(54:5+2O)-TG(18:2+2O/18:1/18:2),57100880,1779913,41000812,67676039,42201481,93376947,28991960,1488647,41338285,97837377,9772768,94036241,62914018,7777505,103815166,6136550,138129853,27690760,16454771,84933420,12138934,19920190,42595869,30436925,6630475,47486768,40005742,27331424,33607846,16346241,39794962,245830707,4017770,107153466,51620123,290976675,116182479,15513617,36481190,19521389,110882387,50044388,94746535,69751115,42272239,30937521,12285993,51775969,22572677,27614425,24635301,77077492,11353425,18328565,5056787,20277069,33823803,132114418,7961664,20617626,20025206,77158083,12735662,2922224,17242827,6265333,23673798,84411886,51356384,14970736,46512321,20147670,14418622,57728845,5469028,24908860,20706388,8911130,16588549,6261917,5250182,65241262,2026722,3076717,57468544,10339693,3631859,20236823,6999665,17396409,10434828,21772046,16021919,20831741,2391686,418336,21818324,7826209,18218252,15322941,14108606,3252813,1900208,12020562,582670,334063,6132105,604249,19876529,54581086,83957823,41539365,33599907,37964260,14466610,14660809,59991642,19475037,44952198,42659192,19043510,7411926,5732211,2314035,1883200,22161255,5496940,934486,63157106,19224719,4003088,762959,7578296,312534,28781,67586,28781,28781,17221183,28781,10087296,7817653,3961651,1487422,2447415,57563,292575,66480,15056396,61868,21755620,22804904,23940983,20689095,22954385
TG(54:5+O)-TG(18:1+O/18:2/18:2),38985019,10713387,43613288,62511480,39763756,41409171,24019378,8711427,35980127,62396140,14952371,88238592,52516426,20500608,104249828,20733023,88227754,23809321,20506684,37066636,21824722,18914278,46713739,23202807,15498096,28384896,26586335,30475806,29231546,19521462,44713265,214124989,6078841,68862007,59932960,141406509,129306538,21449994,18666178,13187371,117550947,44316728,89720226,84229862,33741468,24525875,18776632,60501322,56163563,17121987,21255568,69131071,16143935,20009791,4605468,23395507,36740987,116275535,7615336,19109645,16135624,46205936,12829747,22636021,8713130,10794747,23691054,40169880,30868421,14852157,49903365,16366064,45760140,34714689,3441184,13839251,33051776,16243655,21356074,4383743,6896702,45580186,6163150,4468810,32132052,10387544,4003316,12817441,14804302,24620970,13706603,18474095,35831647,17233138,1283446,94885,33113506,4063934,14614940,18400832,11652174,2832788,2153881,14586768,1525063,334211,9734035,389187,47713797,102225712,101490995,37117655,45983983,37727053,10972941,15016091,37906277,10805537,27818970,45648958,14827699,21331903,13336871,2247216,10366947,15963967,5761352,1084335,47500062,24645199,5223447,5942448,10761385,122675,263524,537324,775016,712698,14922941,1243647,6543881,9485177,5974381,1576875,4293147,3159120,8317702,206100,10053596,116590,21577968,22203718,23359087,22235277,24238066
TG(54:6+2O)-TG(18:2+2O/18:2/18:2),21639292,651233,24773503,28592728,17837413,35432793,8628574,656831,18136211,39550075,4979194,35938578,32813580,7744745,47616493,3545985,73957645,14754373,6205713,40339333,8025800,12757964,17793034,11729101,5147444,19945573,14117099,16651987,13203666,6506336,16573128,82866357,1873240,48000261,15844200,93374023,56612678,12087991,18195113,9103749,38884403,25893863,35077578,50847052,20211291,11126184,5850121,16067323,8573555,17138701,10673059,54374015,5947067,8117944,2094970,9549000,23800053,57964779,4427084,14780060,12447312,35754498,6864237,2004301,7683993,4309819,11570917,32981453,21330798,6972874,33015159,10853713,8294769,34132326,3385412,8054662,8346188,4010499,11344769,2582811,2711984,36205132,435754,1071155,32169855,3800938,1792563,6885801,4355734,13268505,5269323,10995659,16987450,9819172,189760,4504,13767005,3568428,9336060,8335723,6426577,1575569,1108285,8454507,340554,213706,2798453,267209,11923321,40398268,46728211,22171692,13871530,23796897,4155093,5628000,26933142,6831325,20010078,33326960,12062560,3776826,7748005,696447,2001663,9878668,2383538,289843,31537274,12080387,2146491,174857,3678879,128494,4504,4504,4504,4504,9149161,4504,4181916,3605343,1876265,714568,950557,9007,498614,127631,6102811,4504,10482848,11453046,11122197,11089441,11831797
TG(54:6+2O)-TG(18:3+2O/18:1/18:2),11079573,434810,14375593,12270240,13466823,19349556,7329589,241918,13371008,23476211,3846649,25715634,33368583,6218707,34742972,1890653,41109853,10686659,5163151,33502986,7125609,9150305,8563588,8738728,2649258,11526808,12142411,13750341,6461351,3883321,11233943,50624462,605945,31159448,16467686,66726403,40420413,7191806,9265869,6118522,26713606,16394754,22990030,58046963,15359916,11023622,4125409,13127345,6582085,10729528,6444367,29000266,4601041,6733368,805208,6390037,13547822,60476276,4601492,6141967,6914026,23002346,4384681,793043,5023814,1970633,8079594,28694472,13652673,4846653,10936822,14430453,9192296,20510101,2057675,7124780,4823814,1639342,5872397,1378136,1381236,18988784,300572,801541,15177275,2994481,815290,7080792,2511302,10085633,3394874,6323641,11338503,7015524,223627,143482,8455119,1805823,7923630,5706426,3049733,732041,208896,6966368,66549,33031,2573269,66062,7188490,21627516,20037076,9425755,12495035,14117774,4356990,4709680,19878025,6117552,13683004,37280932,9214047,2527451,4941407,346065,1075205,6896163,1971775,226499,20906879,6586102,1683906,230742,3749085,33031,33031,33031,33031,33031,4122495,33031,2400487,2239246,762051,150234,930359,33031,81827,33031,4849169,33031,6918716,7149663,7671519,7671838,7669160
TG(54:6+2O)-TG(20:4+2O/16:0/18:2),5039922,27747,1851886,4942099,13076385,5004468,8149489,27744,3096412,14289701,1333150,6011991,23771217,3487338,5524717,811033,8771534,8281636,2835278,1248208,1373039,2416649,3117103,2716764,1207457,2876913,11477030,67572,1383317,4086466,3746130,32026388,301609,30221993,12049010,3953335,909606,2718641,7870081,1882646,552868,5087252,7670551,595242,11546445,11889869,2063853,6945547,3092178,2405876,2044827,11125203,1457230,4528798,959801,5428138,1551976,24983327,2925465,1324288,1392256,4859093,2200184,154771,920951,718084,1609307,6278378,9942141,1862837,2110447,3111804,564205,1615940,796181,3221966,2173371,399898,3376166,948512,234224,3150518,27779,133986,2746335,1382049,141600,2544015,543156,6376043,1706340,2330897,4585866,1246544,27742,27741,619787,132845,3805812,1842372,903521,27742,66936,4321066,128836,131769,1065997,142947,2730996,8742612,2227486,2352186,2191703,2832895,591745,4396747,4717406,1807813,5174373,5819441,2300368,344193,2456394,271105,529909,1774239,665346,27742,3544377,1528634,409352,55488,1608848,27742,27741,27741,27741,27741,3766628,27742,138428,1636580,27751,27743,63950,27742,62980,27741,585817,27741,1659999,1854707,262594,2242120,1832804
TG(54:6+O)-TG(18:2+O/18:1/18:3),17748896,7610184,29240356,30864492,19244923,23510556,9156828,5544411,22638737,33892180,8137573,42059921,32883467,11702120,57478149,12211086,53085812,16284592,8609855,26975486,12404196,13144148,23076959,13715778,9931230,15664363,14487514,23185760,15249192,10058686,22958448,118893722,3287649,34129984,30325436,71139109,104454443,11698612,11858907,7253937,67717955,27634804,53726629,45287851,19450582,12529079,13244786,28403101,27013455,12964638,11542141,45781464,8119091,10585501,1830659,14453492,24923420,55912571,2692924,14652866,9534481,25111692,7657454,16684848,6350315,6342254,15963493,26287480,17673588,8105569,39509167,12847702,25244213,26479718,2329888,7703594,16189545,7645060,11382536,1904560,3108761,27669663,1241007,2550263,22471357,5854713,2530074,7000531,5517675,10016165,7071875,14601864,23485349,11600793,137531,29725,22820696,1910905,9241533,11823977,6973308,2120197,1230774,6503323,515102,59449,4196283,29725,36064967,70975118,64058134,22496597,25331196,28847663,6335191,8236827,22633706,7847983,18504553,31328880,11851390,11660722,9918380,945716,7226096,10650077,3350609,153546,30032901,15655303,2465796,1959520,4885140,29725,29725,29725,97867,29725,8124497,68351,4690080,6355128,1883420,361542,1900499,342168,4483749,79263,6443471,29725,12554715,13534217,13770361,13827094,13824343
TG(54:6+O)-TG(18:3+O/18:1/18:2)1,10166198,3852898,14553628,17879824,13208809,7105515,5301826,3622224,12466599,29057969,8560433,20919447,23634108,12543589,21055102,8556088,13387513,9179526,12023683,5342404,6271770,7495711,11455739,4978497,9189193,7534896,7177779,4233580,5478120,6794256,11575554,60518743,2914633,30200827,26112429,24611538,32821130,18235350,6755024,3109451,17866434,15449197,21747080,38183403,11693266,10714067,8614240,15262583,13759835,4539473,8394775,31522379,6108459,9941713,2897535,7854657,24719917,38485828,6993111,4851449,6861815,13583666,4376449,10236951,2987278,4315335,5857785,10083997,10537810,5528355,14288045,5301081,21091173,10810414,1451431,4621065,10019230,5681968,13447235,1235076,2677628,19891651,3368686,1291676,9776465,4010050,993190,5031809,19293423,19515149,6629403,6188702,25119061,5326570,75831,58294,18699681,1940558,5554561,7203333,3083789,899677,1671063,10462278,856815,119999,6369016,428372,14099461,45916836,29238449,9037535,7635484,8864244,3516608,8523690,12297444,4790656,9228816,13237232,5299495,8743569,9129528,779784,5573205,4230415,2279828,233159,14260873,5241015,2396309,2274308,5495341,59779,76469,27119,475010,27119,6342427,393460,2283128,4140771,2507713,506340,1305813,813437,4469252,168574,2647857,54238,7331852,7785354,7601888,8120811,7875267
TG(54:7+2O)-TG(18:1+2O/18:3/18:3),4779254,70516,10403029,8091391,6879515,12431569,2579017,30738,8129058,15166558,2760741,13800479,18216531,5529677,21290832,1033523,32922930,6829841,2422484,24598412,4219929,6632863,5182471,4591248,2162909,7621308,5627766,10203432,3246735,783250,5594917,47453084,30738,16310145,8826078,43991674,48787611,5932360,6294038,3638010,21738363,11307853,19856727,40327863,9442577,4862014,3219169,7863496,2731086,8670082,3375424,28872644,1986398,2875722,70730,3579112,14028725,31618109,2988017,6685014,6582655,13022603,2798541,929434,4030230,999018,6019762,17870487,9051507,2332880,13660512,9149991,3696880,18525232,964794,4195146,2363578,75493,6216635,242310,880567,15073838,30738,82303,11230290,822222,352315,2982189,2287278,8418265,1061274,5429215,11954635,3376071,30738,30738,8203455,445514,4631676,3877515,1625212,179144,61476,5402197,30738,30738,1382931,30738,6573791,24307976,18232991,6237807,7208936,12593008,457610,1452196,11472738,3051363,9972541,24401062,7545269,294612,7008113,30738,688096,4365470,407565,30738,15543237,5694513,634880,30738,1385276,30738,30738,30738,30738,30738,2223387,30738,1242004,976931,241384,30738,69570,30738,71597,30738,2318713,30738,4517851,4682625,4539613,4676728,5046367
TG(56:10)-TG(18:3/18:2/20:5),61063,1007959,3285242,988971,1397923,1154330,524388,7525192,3426722,4768040,3807048,1082159,4399357,1659253,2508623,4523638,2326627,4986347,1665200,2293966,4966434,4473836,557388,860689,821818,2338763,6137418,2814574,1248422,877887,491683,5280361,4297917,4228795,2994135,1118495,9070166,7729412,951860,1131102,430365,4535250,1780975,13964225,3933463,2372735,24872074,380116,583234,3394571,1097188,4692905,1468328,1405363,1714530,964403,6576184,6884893,3485404,1388579,4461795,3638147,1029823,2785781,6264907,2126628,2675396,3284900,3818942,2050813,1815266,13023711,3285335,2341879,5984999,4413980,2382174,693419,2586670,1373018,4841991,4539979,2551251,10000597,1325346,2010666,2539406,6427262,3712703,4266180,408274,3299282,10702885,2469281,1167974,783369,22496438,2946208,6360446,6501095,1557095,2587439,2824050,3020893,3239308,1779845,4902249,2737725,6236617,2957275,8492198,524709,537191,3876847,2871078,4097934,6691779,1361700,7593568,20774405,11499163,2503604,4068338,4567433,6461096,3141584,7750225,7366381,4800532,1867460,4283156,8843945,7565831,8365050,3131638,6144832,3905457,2718770,3159859,5645685,2134302,2851328,6370226,3293853,7449395,1975205,7990434,10713969,6168571,4671031,3330276,3342032,3469323,3352162,3571301
TG(56:5+O)-TG(18:3+O/18:1/20:1),3812976,159881,3493517,6781488,6270439,3019199,1486104,28490,2603153,8752871,319278,2661135,7395336,1028163,7068697,1260877,3122158,1446431,3488910,2837406,781281,1443141,5243608,1898928,133823,1625879,2454693,2228304,3331313,882745,2836197,13671449,63990,5997902,9202853,8364188,3864668,2591965,986710,533918,8293455,1447849,2933373,5301805,515276,28477,1954659,28476,3616769,540826,2226179,2575513,260113,1825270,58265,1052769,3229978,8755352,446257,1015031,332842,5522279,184288,600025,235223,259410,1872496,3967105,4101582,427151,1430874,1249470,3903829,2087749,28477,680106,699916,1979004,784221,60701,28521,2428244,293869,69510,1783893,303190,28478,293103,363128,3268191,715935,438138,3790553,456724,28476,28476,1335944,28477,1483844,633561,133614,28477,28477,791757,63724,28476,115021,28476,6473512,7954686,4233263,1912949,4129074,1504478,1050342,2521196,5373289,134931,1498796,3232412,1459404,1339760,1085486,56953,59007,1066322,71132,28476,5547909,2223606,28498,28507,183043,28476,28476,28476,28476,28476,442811,28478,28498,255690,28520,28476,66515,28480,118216,28476,67926,28476,1439721,1573358,2476835,1656767,1487427
TG(56:6+2O)-TG(20:4+2O/18:1/18:1),15752620,23930,6217971,10285318,14196774,8348947,13397881,23878,9148458,22755824,1111482,20694951,18149772,24053,31202121,246646,19648262,12170708,62429,18543973,3769530,5388667,8299409,7336791,24029,7899084,14227947,3365844,5568227,5127711,9177202,40512477,1258932,56102667,18845002,49715372,18369106,3746104,11186815,4685579,15150235,14377283,18875679,12874149,13871179,16018709,2481526,17910559,7147029,5601804,4022670,16600677,3610265,4541754,784376,5699130,2563069,42846857,329479,3934678,2757582,18901880,3474200,24166,5135276,602900,4528320,21238903,14493973,5239403,2945938,11846589,11764887,7855510,547584,6932736,4674624,721095,399995,1062248,313391,11009092,519207,112628,5479439,2675728,810683,9245428,54702,489290,1020491,4628143,2403359,4530779,47746,83133,1846294,621037,6400905,5247620,1810209,52476,23873,2302159,23873,23872,118566,23872,4552947,4649012,3966098,3106116,5663800,7707341,4577488,5225861,29648906,5331775,11459679,21604713,6587982,594607,57342,782158,24127,6210244,1693140,228889,16335468,3876365,992293,23882,2354120,23872,23872,23872,23872,23872,2729680,23874,1751734,2794245,23904,65031,155026,23873,23886,23872,3194153,23872,5073011,6113270,5445991,6263783,6108353
TG(56:7+2O)-TG(22:6+2O/16:0/18:1),10505570,64846,4756758,10042478,10947074,12204066,7474662,29290,7237197,19696264,234835,21322688,29171003,29302,19616086,141106,21319103,8954803,554809,17101785,3431655,5780416,6011785,5299670,107292,8449369,14390573,2131653,7644940,4382787,7111033,48343676,1702935,32137384,18996431,51875227,19242283,4241831,13244707,3786169,29290,14103615,17416035,12034215,18400950,12977213,4996901,13418403,6012993,6183900,4915813,20655453,2929940,7764711,989730,5664745,3733276,28267067,858953,4193721,4674789,20714426,3105784,29291,5412512,193049,4840005,18488692,15777666,3409950,5432363,8671484,10246131,8609650,1364590,6663167,5210109,1376792,850189,1120111,134780,13182335,267882,217148,8194410,1787887,617685,6476784,29331,5088193,940167,6914924,4260453,6044376,29290,58580,2638140,834706,5481639,5632380,1140232,66534,29291,3823231,29290,29290,29297,29290,5601370,5234038,8916504,7497390,6182989,10520876,3497281,3543643,17257626,6138121,12120374,16598574,8063381,874308,61159,70076,29291,6723116,1626760,73950,14552588,5028276,909613,29290,2011189,29290,29290,29290,29290,29290,3707072,29290,1437249,2196883,29293,126770,69585,29290,29290,29290,2965616,29290,4670590,4678344,4826139,5104600,4905043
TG(56:8+2O)-TG(22:6+2O/16:0/18:2),9439383,289351,5620617,8571784,9022510,13204789,7579279,70688,9166818,24278203,528841,17398325,15586319,464139,26340276,421369,13239565,12962121,241691,14030978,3840578,5520400,4963808,5046113,159200,6754098,20111639,1012907,3337797,3902611,5461580,38842715,2463463,40604746,14953672,35456699,27157286,6114463,10945717,6791823,8916136,17331766,18678975,16116729,12594371,15583594,8900766,11936824,3129975,8671075,2109471,23768222,1586117,7272556,1034893,5772095,3473319,33841693,997341,2728258,6011078,18294411,3136630,34510,9619641,576506,4056916,19190030,27229502,5070251,5412102,11507801,6578057,8455253,1561596,6533545,3601276,158472,528658,1230349,73632,13661892,335956,518725,7317560,1713433,762083,6689791,34530,6475220,254732,7519264,7436477,6721631,148807,159771,2067241,1222455,10689056,5180759,847209,76031,73235,3795373,34509,34509,121470,34509,6722732,4665199,9469187,6736849,1816862,10353985,3893654,2513780,26361147,6468657,12933954,28050038,10172644,586574,510134,258215,90010,8616587,2855932,72438,15674410,2996267,952256,34509,1397602,34509,69019,34509,34509,34509,1720679,34509,1502337,2586742,74362,76319,150192,34509,83763,34509,2896526,34509,2993901,4595417,4559430,4295076,4548280
TG(57:8)-TG(17:0/18:2/22:6),248209,411813,437679,1677053,1338123,1576322,467298,3806280,3209197,4716638,2884579,336909,703742,687189,6493629,4971841,2000693,1620073,439556,1459958,688091,2795422,765067,409582,1587851,2026038,15588514,666527,43496,470370,86760,7357607,4486403,6321742,2670146,867337,4881577,5605830,709339,447831,437709,1783439,3756051,10851617,1168890,3797320,15710673,2259787,146090,1478459,186000,4626786,47571,1670481,1322458,306925,4720443,2313483,2671533,178737,1207072,1403149,127859,2357331,5297484,2907114,584395,2021976,9592184,2585338,874748,13029187,1314575,1217515,2114650,2429731,2359916,373522,2282225,713423,2088054,5421380,1585555,11739190,150423,392989,2839027,3257220,3164424,7827363,180593,1931899,10011855,1166443,627688,173175,12589558,1785223,3990012,4466797,1297811,2058888,1775669,3353658,2171689,735238,1781912,1394413,2391101,1779281,6034674,1014503,42796,1927184,4384275,1465126,11654302,488051,6623522,10763555,9059455,438410,934464,3723087,4807079,5564408,7748968,5056004,3023370,1914583,3222132,2853455,15937066,6556182,4041211,5398144,1944437,2291902,832229,8328399,2285209,1060653,10628304,1742686,9583162,754324,5145283,4397556,7259811,5230209,1782039,1853698,1864711,2559932,2520370
TG(58:11)-TG(16:0/20:5/22:6),41825,48237,56255,23509,33610,56284,47141,268144,445078,550086,214542,80328,408094,23643,253989,292905,49818,920164,20485,21653,626057,351901,48161,20092,27989,92969,1929087,21085,20168,20511,20084,901138,1959073,481579,42840,108633,800886,1289630,54443,70786,20255,626401,214157,2814634,135918,409005,3346817,23312,20105,318537,20128,391396,21064,47004,54806,49493,537581,1273772,555736,99124,357079,300419,20665,89875,712255,41736,51534,252279,858686,512423,20321,1233042,105433,111500,537235,477649,25067,20226,356144,51967,208460,291413,318654,1923741,42229,22620,288522,1048928,125863,789113,43120,206726,1611686,249274,52197,142770,2147612,147034,1195824,320629,54977,207563,59208,385498,571209,22509,279500,130452,267322,59439,787930,43117,20060,266402,355379,200889,1124560,43890,344537,3932703,2251749,82513,78826,936537,181964,672678,1696330,1485192,173369,48705,758658,881063,605221,730297,212689,551010,289744,271469,316887,574161,227892,376059,411811,142102,747595,22218,1654807,419994,1071566,465975,347999,367593,421132,373274,407619
M1X-RT277MZ268,25973971,33125533,33885539,37982946,32352097,30774289,31934351,30449197,33839703,35540048,36254671,29791005,38833100,33668089,28751460,28371811,25429312,27155633,25765835,27113869,31951209,28866618,27594020,26109906,28512083,31860699,27688473,26133310,27346568,28303132,37750027,29185248,28396962,28520400,29552478,24823680,32092185,24624632,28295942,27558636,24668190,28119686,37339489,27436483,27596894,28962683,36510363,23354172,39233635,28776436,27362514,32097326,29846291,34496852,28050994,34120671,27088440,32512073,26885620,30670812,30505406,28627593,28313212,26306998,28137473,27668627,29361937,26038543,28351745,27540664,26585665,30315051,25461274,26507658,25254657,28744027,27670537,29011453,28181838,28704255,27940918,27903733,30151984,26577619,27984535,26934760,27712540,28570252,26316394,26157674,26920398,28322104,26551115,25036610,25240047,28872642,30249361,26399276,29997502,26749835,27372681,29996469,27529933,26300514,24786047,27657831,26098345,27616137,30709359,33020250,26216568,30042837,28516303,32388767,24917990,26941928,31839804,28011281,26939183,26180166,27982027,28320449,28044250,28069897,25152849,25383304,25516220,27455549,24321729,27342306,24184691,25816466,24556677,24412904,26639770,29746154,27037107,25425755,27554561,25202859,28143450,26340707,23804388,26457618,27365178,27240022,25344225,28427955,29049432,27327608,26210740,26759665,26019727,26440786,26208212
M1X-RT556MZ235,70508218,64118986,49570210,49488845,63622706,55956702,57208489,60931470,46929591,50594675,48288001,63484807,57448814,47627842,62445010,43903678,60137028,52320346,56522909,56702370,58136406,61115477,58815251,56420585,71192761,64366406,65975593,64097372,56252522,54351048,38492587,53974280,54161708,59085882,63013985,55530768,73659072,70944530,62765668,49250212,57797093,59728563,46197416,62508075,62626462,51774852,53297065,67280857,54363781,65269143,61202310,50141673,61785779,48994806,58286850,46703707,69033816,55356432,67741910,62731053,73269224,70522971,67366994,67092169,64125755,66916880,64024252,65441466,67808503,74681359,56680407,71856053,72787360,73120419,73055647,72823048,65019325,56908079,60489448,60353899,61748851,49425411,56022850,57453634,58035819,56907212,61353653,68632341,59532490,58383263,58355636,54704485,54390632,58724870,58921002,55199350,57104703,53881929,56231085,64563265,62472233,60621513,56494172,55172181,58079651,56773331,54150508,56632322,50409671,36152795,50626205,68615373,64044021,62589943,57587488,60676875,56094900,54255422,51671984,60235336,59996987,55651395,66287330,71417324,56952760,63533306,63971877,71655701,72161692,55046768,66698943,67909222,63678781,69995039,67134103,80717411,79361851,78406784,74452093,69896088,67181063,66863984,73989842,71948083,73299496,79852610,72728088,91536091,83579047,58736309,65780022,63177272,63176012,63734414,63170183
